,City,Lat,Lng,Max_Temp,Humidity,Cloudiness,Wind_Speed,Country,Date
0,Rikitea,-23.12,-134.97,20.8,80,12,9.84,PF,1595703320
1,Port Augusta,-32.5,137.77,9.0,93,90,1.5,AU,1595703423
2,São Miguel do Araguaia,-13.28,-50.16,33.23,25,0,1.87,BR,1595703426
3,Alofi,-19.06,-169.92,22.0,83,18,4.1,NU,1595703429
4,Lebu,-37.62,-73.65,11.09,83,100,9.58,CL,1595703323
5,‘Āhuimanu,21.44,-157.84,28.0,61,40,5.1,US,1595703435
6,Ténenkou,14.46,-4.92,34.12,40,54,1.99,ML,1595703439
7,Mana,5.66,-53.78,27.83,84,44,3.61,GF,1595703442
8,Albany,42.6,-73.97,32.78,34,100,3.3,US,1595703445
9,Codrington,-38.27,141.97,4.65,88,0,2.56,AU,1595703448
10,Butaritari,3.07,172.79,28.45,74,0,6.78,KI,1595703451
11,Cap Malheureux,-19.98,57.61,20.0,63,48,4.47,MU,1595703458
12,Kawambwa,-9.79,29.08,14.63,48,0,2.75,ZM,1595703461
13,Kumul,42.8,93.45,28.97,20,0,3.91,CN,1595703464
14,George Town,5.41,100.34,26.0,94,40,2.1,MY,1595703467
15,Gualaceo,-2.9,-78.78,18.0,59,90,0.5,EC,1595703470
16,Bengkulu,-3.8,102.27,24.01,89,2,2.72,ID,1595703473
17,Sânsimion,46.25,25.88,17.78,83,76,0.45,RO,1595703486
18,San Patricio,19.22,-104.7,31.0,74,40,5.1,MX,1595703340
19,Isangel,-19.55,169.27,21.0,83,15,2.6,VU,1595703492
20,Puerto Ayora,-0.74,-90.35,25.0,65,75,8.7,EC,1595703311
21,Saint Paul Harbor,57.79,-152.41,13.0,87,75,2.1,US,1595703499
22,Ilulissat,69.22,-51.1,9.0,87,90,4.1,GL,1595703310
23,Santo Domingo,18.5,-69.99,34.0,56,40,5.1,DO,1595703419
24,Hermanus,-34.42,19.23,11.67,95,1,5.74,ZA,1595703511
25,Conner,17.8,121.33,23.37,87,100,1.2,PH,1595703514
26,Bredasdorp,-34.53,20.04,14.0,82,0,3.6,ZA,1595703518
27,New Norfolk,-42.78,147.06,4.44,90,6,1.2,AU,1595703326
28,Mar del Plata,-38.0,-57.56,12.22,62,19,7.2,AR,1595703524
29,Kortkeros,61.81,51.58,19.0,82,83,2.0,RU,1595703527
30,White Rock,49.02,-122.8,20.56,88,0,1.34,CA,1595703316
31,Serov,59.6,60.58,13.03,68,60,1.69,RU,1595703533
32,Lethem,3.38,-59.8,30.52,63,20,1.24,GY,1595703539
33,Cape Town,-33.93,18.42,16.11,87,40,2.6,ZA,1595703546
34,Aketi,2.74,23.78,22.53,93,100,0.18,CD,1595703549
35,Swift Current,50.28,-107.8,17.0,59,40,10.3,CA,1595703552
36,Los Llanos de Aridane,28.66,-17.92,23.0,73,20,8.2,ES,1595703555
37,San Vicente de Cañete,-13.08,-76.38,19.43,66,21,3.47,PE,1595703559
38,Hithadhoo,-0.6,73.08,27.88,74,100,5.86,MV,1595703562
39,Katsuura,35.13,140.3,25.0,94,100,5.3,JP,1595703565
40,Faya,18.39,42.45,27.0,83,17,2.6,SA,1595703568
41,Shitanjing,39.23,106.34,23.71,31,17,5.27,CN,1595703571
42,Cabo San Lucas,22.89,-109.91,30.56,58,5,3.1,MX,1595703575
43,Tahe,52.33,124.73,19.28,96,100,1.04,CN,1595703581
44,Moore,35.34,-97.49,32.22,66,75,4.6,US,1595703584
45,Ushuaia,-54.8,-68.3,-1.0,92,75,10.8,AR,1595703590
46,Imbituba,-28.24,-48.67,16.0,72,75,6.2,BR,1595703497
47,Kenai,60.55,-151.26,14.0,82,90,1.5,US,1595703597
48,Kamaishi,39.27,141.88,20.27,89,100,1.08,JP,1595703600
49,Carnarvon,-24.87,113.63,13.0,93,0,2.6,AU,1595703603
50,Andra,62.51,65.89,12.12,75,2,1.23,RU,1595703606
51,Kavaratti,10.57,72.64,27.6,78,100,3.96,IN,1595703609
52,Barajevo,44.58,20.42,19.0,93,100,3.6,RS,1595703613
53,Ulaanbaatar,47.91,106.88,16.0,87,90,2.0,MN,1595703410
54,Mogadishu,2.04,45.34,25.19,81,75,8.23,SO,1595703610
55,Atuona,-9.8,-139.03,26.41,74,0,8.61,PF,1595703622
56,San Juan,-31.54,-68.54,17.09,23,0,4.86,AR,1595703455
57,Severo-Kuril'sk,50.68,156.12,9.7,83,100,4.82,RU,1595703629
58,East London,-33.02,27.91,21.95,27,0,3.88,ZA,1595703632
59,Tasiilaq,65.61,-37.64,7.0,75,40,4.6,GL,1595703635
60,Bluefield,37.27,-81.22,29.44,57,20,1.87,US,1595703638
61,Wagar,16.15,36.2,30.5,50,0,8.58,SD,1595703642
62,Arraial do Cabo,-22.97,-42.03,28.0,54,0,6.2,BR,1595703483
63,Rundu,-17.93,19.77,19.0,34,0,1.5,NA,1595703648
64,Bluff,-46.6,168.33,10.16,82,100,8.24,NZ,1595703651
65,Lae,-6.72,146.98,23.58,90,100,0.26,PG,1595703654
66,Itarema,-2.92,-39.92,28.61,61,100,6.44,BR,1595703658
67,Half Moon Bay,37.46,-122.43,23.33,64,5,2.6,US,1595703664
68,Punta Arenas,-53.15,-70.92,1.0,55,74,4.6,CL,1595703540
69,Oktyabr'skoye,43.06,44.74,25.0,61,0,5.0,RU,1595703670
70,Upernavik,72.79,-56.15,6.96,93,100,8.41,GL,1595703674
71,Mataura,-46.19,168.86,5.99,90,100,1.95,NZ,1595703677
72,Ponta do Sol,32.67,-17.1,22.22,66,0,1.97,PT,1595703683
73,Klaksvík,62.23,-6.59,11.0,93,100,11.8,FO,1595703686
74,Ucluelet,48.93,-125.55,13.0,93,40,3.6,CA,1595703466
75,Cherskiy,68.75,161.3,22.76,50,0,1.55,RU,1595703696
76,Tuktoyaktuk,69.45,-133.04,10.0,87,90,5.7,CA,1595703699
77,Makokou,0.57,12.86,21.7,91,100,1.32,GA,1595703702
78,Anadyr,64.75,177.48,13.0,82,20,1.0,RU,1595703705
79,Torbay,47.67,-52.73,20.0,82,40,5.1,CA,1595703708
80,Qaanaaq,77.48,-69.36,7.51,56,0,1.01,GL,1595703711
81,Laguna,38.42,-121.42,27.78,41,5,1.5,US,1595703715
82,Port Lincoln,-34.73,135.87,11.22,82,45,1.75,AU,1595703718
83,Ulladulla,-35.35,150.47,12.22,100,90,2.6,AU,1595703721
84,Kaitangata,-46.28,169.85,6.67,70,81,1.34,NZ,1595703730
85,Vaini,-21.2,-175.2,22.0,78,75,3.1,TO,1595703737
86,Lüderitz,-26.65,15.16,23.0,27,0,2.1,NA,1595703740
87,Umluj,25.02,37.27,34.04,38,21,4.09,SA,1595703743
88,Majene,-3.54,118.97,24.93,85,73,7.48,ID,1595703746
89,Bethel,41.37,-73.41,32.22,54,20,3.6,US,1595703750
90,Dikson,73.51,80.55,4.62,89,0,6.68,RU,1595703753
91,Nuuk,64.18,-51.72,10.0,87,75,5.7,GL,1595703759
92,Constitución,-35.33,-72.42,11.72,63,72,3.12,CL,1595703762
93,Ribeira Grande,38.52,-28.7,23.0,88,75,4.6,PT,1595703765
94,Broome,42.25,-75.83,28.33,51,20,1.5,US,1595703768
95,Salalah,17.02,54.09,27.0,88,75,3.6,OM,1595703646
96,Moyeuvre-Grande,49.25,6.05,24.44,54,100,2.73,FR,1595703775
97,Port Alfred,-33.59,26.89,20.94,31,0,4.9,ZA,1595703778
98,Hobart,-42.88,147.33,5.56,86,1,1.5,AU,1595703754
99,Provideniya,64.38,-173.3,11.56,63,41,3.38,RU,1595703784
100,Leningradskiy,69.38,178.42,8.02,78,83,4.99,RU,1595703787
101,Saint-Pierre,-21.34,55.48,19.0,55,90,7.2,RE,1595703791
102,Kupang,-10.17,123.58,22.0,81,0,3.91,ID,1595703794
103,Camabatela,-8.19,15.38,18.6,37,32,1.49,AO,1595703797
104,Dunedin,-45.87,170.5,8.89,58,21,3.66,NZ,1595703613
105,Talaya,61.38,152.75,15.9,68,0,1.76,RU,1595703803
106,Strezhevoy,60.73,77.59,9.0,87,84,1.0,RU,1595703806
107,Dalaba,10.7,-12.25,18.39,100,100,2.14,GN,1595703809
108,Yellowknife,62.46,-114.35,19.0,55,20,5.1,CA,1595703638
109,Jamestown,42.1,-79.24,27.22,69,75,3.1,US,1595703769
110,Acapulco de Juárez,16.86,-99.89,32.0,55,20,1.0,MX,1595703720
111,Chul'man,56.85,124.91,12.13,93,3,0.8,RU,1595703828
112,Hilo,19.73,-155.09,28.0,69,75,3.1,US,1595703831
113,Hokitika,-42.72,170.97,8.21,81,94,1.22,NZ,1595703835
114,Avarua,-21.21,-159.78,22.0,73,98,3.1,CK,1595703838
115,Katete,-0.78,29.75,19.62,79,100,0.39,UG,1595703841
116,Bambous Virieux,-20.34,57.76,20.0,56,75,7.2,MU,1595703844
117,Batemans Bay,-35.72,150.18,12.22,98,100,0.45,AU,1595703847
118,Tecolutla,20.48,-97.02,36.0,47,75,4.92,MX,1595703851
119,Busselton,-33.65,115.33,11.67,82,31,3.34,AU,1595703854
120,Port Elizabeth,-33.92,25.57,17.0,39,0,3.1,ZA,1595703857
121,Cidreira,-30.18,-50.21,13.51,60,56,6.12,BR,1595703860
122,Elko,41.0,-115.5,30.0,18,1,2.6,US,1595703863
123,Flinders,-34.58,150.86,13.33,93,100,0.45,AU,1595703866
124,Norman Wells,65.28,-126.83,20.0,45,75,1.0,CA,1595703873
125,Cullman,34.17,-86.84,31.11,58,1,2.6,US,1595703876
126,Kapaa,22.08,-159.32,26.0,88,90,8.2,US,1595703885
127,Hobyo,5.35,48.53,25.2,77,0,10.56,SO,1595703892
128,Verkhnyaya Inta,65.98,60.31,14.67,78,0,3.08,RU,1595703895
129,Castro,-24.79,-50.01,20.43,59,100,2.84,BR,1595703898
130,Coyhaique,-45.58,-72.07,7.0,93,90,3.36,CL,1595703904
131,Huarmey,-10.07,-78.15,19.69,67,16,4.67,PE,1595703752
132,Bilibino,68.05,166.44,22.28,55,4,1.68,RU,1595703911
133,Jilib,0.49,42.79,23.95,75,2,4.0,SO,1595703914
134,Thompson,55.74,-97.86,26.0,57,40,4.1,CA,1595703839
135,Puerto Baquerizo Moreno,-0.9,-89.6,22.0,78,75,7.2,EC,1595703920
136,Mount Gambier,-37.83,140.77,3.0,100,90,3.6,AU,1595703924
137,Jennings,38.72,-90.26,33.89,55,75,2.6,US,1595703927
138,Jalu,29.03,21.55,29.91,38,0,8.13,LY,1595703930
139,Solnechnyy,50.72,136.63,14.73,68,100,1.27,RU,1595703936
140,Zambezi,-13.54,23.1,16.23,38,0,2.34,ZM,1595703940
141,Khatanga,71.97,102.5,4.87,88,100,4.97,RU,1595703943
142,Salinópolis,-0.61,-47.36,28.09,78,9,4.16,BR,1595703949
143,Kaya,13.09,-1.08,30.55,56,9,4.09,BF,1595703955
144,Mountain Home,43.13,-115.69,27.0,21,20,6.2,US,1595703860
145,Touros,-5.2,-35.46,28.0,65,40,5.1,BR,1595703746
146,Evans,33.53,-82.13,33.33,65,1,1.5,US,1595703965
147,Coquimbo,-29.95,-71.34,17.0,36,98,4.6,CL,1595703968
148,Lavrentiya,65.58,-171.0,7.79,76,82,2.38,RU,1595703971
149,Prainha,-1.8,-53.48,32.02,49,40,2.01,BR,1595703974
150,Beloha,-25.17,45.05,15.52,71,0,5.66,MG,1595703978
151,Clyde River,70.47,-68.59,16.0,51,1,10.8,CA,1595703981
152,Adrar,20.5,-10.07,41.39,7,0,2.89,MR,1595703984
153,Pavlodar,52.3,76.95,18.0,93,90,6.0,KZ,1595703987
154,Vágur,61.47,-6.81,11.7,94,100,11.3,FO,1595703990
155,Hasaki,35.73,140.83,24.0,100,75,1.0,JP,1595703706
156,Kisangani,0.52,25.2,24.0,83,90,3.1,CD,1595703996
157,Asmara,15.33,38.93,17.05,88,100,2.43,ER,1595703727
158,Kruisfontein,-34.0,24.73,17.99,30,0,4.21,ZA,1595704006
159,Bafoulabé,13.81,-10.83,26.78,76,52,2.68,ML,1595704009
160,Barrow,71.29,-156.79,1.0,100,90,1.5,US,1595704012
161,Vestmannaeyjar,63.44,-20.27,11.0,76,40,4.1,IS,1595704018
162,Ust'-Karsk,52.7,118.81,18.05,85,95,1.36,RU,1595704022
163,Pevek,69.7,170.31,7.55,93,2,2.41,RU,1595704025
164,Orzhytsya,49.79,32.7,20.29,58,20,2.89,UA,1595704028
165,Swan Hill,-35.34,143.55,5.69,88,53,2.46,AU,1595704031
166,Juruti,-2.15,-56.09,34.04,42,45,1.85,BR,1595704035
167,Tuatapere,-46.13,167.68,7.45,84,100,2.75,NZ,1595704041
168,Esperance,-33.87,121.9,14.0,47,40,5.7,AU,1595703997
169,Raudeberg,61.99,5.14,16.0,67,56,4.1,NO,1595704047
170,Verkhnyaya Maksakovka,61.63,50.97,19.0,82,100,2.0,RU,1595704050
171,Mahébourg,-20.41,57.7,20.0,56,75,7.2,MU,1595704054
172,Tukan,53.84,57.46,12.0,97,100,0.97,RU,1595704057
173,Chapais,49.78,-74.85,23.0,64,90,4.6,CA,1595704060
174,Souillac,-20.52,57.52,20.0,56,75,7.2,MU,1595704063
175,Mateare,12.24,-86.43,32.0,62,40,7.2,NI,1595704066
176,Arrondissement de Saint-Denis,48.92,2.33,23.0,53,90,5.1,FR,1595703894
177,Bintulu,3.17,113.03,25.0,100,40,0.5,MY,1595704072
178,Tezu,27.92,96.17,25.1,78,83,0.98,IN,1595704076
179,Pangnirtung,66.15,-65.71,12.0,81,75,3.1,CA,1595704079
180,Songjianghe,42.19,127.48,15.47,85,60,1.56,CN,1595704082
181,Chabahar,25.29,60.64,29.54,77,54,6.19,IR,1595704088
182,Lamar,33.67,-95.58,32.22,58,90,4.6,US,1595704091
183,Boa Vista,2.82,-60.67,31.0,58,75,2.1,BR,1595704094
184,Saldanha,-33.01,17.94,15.0,77,0,0.5,ZA,1595704098
185,Honiara,-9.43,159.95,24.0,94,75,2.83,SB,1595704101
186,Salinas,36.68,-121.66,22.22,60,20,3.1,US,1595703915
187,Ta Khmau,11.48,104.95,28.0,83,40,2.1,KH,1595704108
188,Conde,-7.26,-34.91,28.0,65,40,8.2,BR,1595704111
189,Sitka,57.05,-135.33,14.0,87,90,2.1,US,1595704114
190,Gorontalo,0.54,123.06,23.31,89,43,0.98,ID,1595704118
191,Polunochnoye,60.87,60.42,11.27,75,0,1.23,RU,1595704121
192,Caravelas,-17.71,-39.25,24.52,72,0,3.18,BR,1595704125
193,Killarney,52.05,-9.52,16.0,82,75,6.7,IE,1595704128
194,Sebeta,8.92,38.62,13.71,91,97,1.92,ET,1595704131
195,Ilhéus,-14.79,-39.05,23.15,84,95,2.35,BR,1595704134
196,Nanortalik,60.14,-45.24,7.1,83,100,3.95,GL,1595704137
197,Philadelphia,39.95,-75.16,32.78,55,40,3.1,US,1595703957
198,Province of Mantua,45.17,10.78,25.56,71,1,0.45,IT,1595704147
199,Biltine,14.53,20.92,32.96,40,36,2.43,TD,1595704150
200,Ratnagiri,16.98,73.3,26.37,87,100,4.9,IN,1595704153
201,Lompoc,34.64,-120.46,18.89,77,5,2.6,US,1595704156
202,Acaraú,-2.89,-40.12,29.51,56,100,6.72,BR,1595704159
203,Port Keats,-14.25,129.55,21.35,36,0,6.55,AU,1595704163
204,Bolpur,23.67,87.72,28.98,78,27,3.3,IN,1595704166
205,Garoowe,8.41,48.48,26.53,46,10,9.18,SO,1595704169
206,Margate,51.38,1.39,17.78,97,100,0.89,GB,1595704172
207,Yar-Sale,66.83,70.83,11.07,83,57,0.98,RU,1595704175
208,Santa Rosa,14.31,121.11,27.0,78,100,1.5,PH,1595704178
209,Tutóia,-2.76,-42.27,29.76,53,29,3.28,BR,1595704181
210,Kawalu,-7.38,108.21,20.7,88,99,0.7,ID,1595704185
211,Kapiri Mposhi,-13.97,28.68,10.71,76,0,2.59,ZM,1595704188
212,Pathein,16.78,94.73,27.22,86,0,3.16,MM,1595704194
213,San Cristobal,7.77,-72.22,33.0,43,40,4.1,VE,1595704197
214,Hibbing,47.43,-92.94,26.0,94,90,2.6,US,1595704200
215,Grindavik,63.84,-22.43,11.0,76,75,10.8,IS,1595704203
216,Batagay-Alyta,67.8,130.41,17.14,72,97,2.02,RU,1595704207
217,Ancud,-41.87,-73.82,12.22,87,90,5.1,CL,1595704203
218,Lakatoro,-16.1,167.42,26.0,78,90,3.6,VU,1595704213
219,Lufilufi,-13.87,-171.6,27.61,73,5,9.82,WS,1595704216
220,Tiksi,71.69,128.87,4.32,96,100,8.32,RU,1595704219
221,Tromsø,69.65,18.96,17.0,55,75,11.3,NO,1595704222
222,Oussouye,12.48,-16.55,30.0,83,40,2.1,SN,1595704226
223,Yanam,16.73,82.22,26.81,85,0,1.34,IN,1595704229
224,Mezőhegyes,46.32,20.82,21.11,100,20,2.1,HU,1595704232
225,Fairbanks,64.84,-147.72,14.0,82,90,0.22,US,1595704201
226,Hambantota,6.12,81.12,25.0,100,40,3.6,LK,1595704224
227,Petropavlovsk-Kamchatskiy,53.05,158.65,9.0,100,100,3.0,RU,1595704241
228,Biswān,27.5,81.0,29.81,69,71,3.52,IN,1595704245
229,Myitkyina,25.38,97.4,24.91,95,100,0.49,MM,1595704083
230,Whitehorse,60.72,-135.05,15.0,54,75,6.2,CA,1595704254
231,Belozërskoye,55.82,65.58,15.17,68,76,2.4,RU,1595704257
232,Comodoro Rivadavia,-45.87,-67.5,11.0,57,40,6.2,AR,1595704260
233,Berlevåg,70.86,29.09,15.64,69,11,6.37,NO,1595704263
234,Taltal,-25.4,-70.48,20.98,26,0,2.02,CL,1595704270
235,Tignère,7.37,12.65,18.8,99,63,1.19,CM,1595704266
236,Bridlington,54.08,-0.19,17.78,69,100,1.34,GB,1595704276
237,Saint-Philippe,-21.36,55.77,19.0,55,90,7.2,RE,1595704279
238,Pitimbu,-7.47,-34.81,27.0,65,20,7.7,BR,1595704282
239,Mayumba,-3.43,10.66,22.34,80,76,2.57,GA,1595704286
240,Kinshasa,-4.32,15.32,25.0,69,7,4.1,CD,1595704289
241,Newport,51.59,-3.0,17.78,76,95,0.89,GB,1595704022
242,Joshīmath,30.57,79.57,19.14,58,54,0.2,IN,1595704295
243,Ciawi,-7.51,107.98,17.77,97,100,1.92,ID,1595704298
244,Pisco,-13.7,-76.22,18.33,77,20,4.1,PE,1595704213
245,Lorengau,-2.02,147.27,28.02,78,100,4.64,PG,1595704308
246,Mtwara,-10.27,40.18,24.0,78,75,7.2,TZ,1595704311
247,Sumbe,-11.21,13.84,21.11,86,0,4.06,AO,1595704314
248,Russell,32.35,-85.2,33.33,52,40,3.23,US,1595704317
249,Maxixe,-23.86,35.35,18.0,77,20,3.54,MZ,1595704320
250,São Filipe,14.9,-24.5,26.84,80,12,1.2,CV,1595704215
251,Gambēla,8.25,34.58,21.11,90,100,1.07,ET,1595704327
252,Moerai,-22.43,-151.33,22.53,78,0,6.15,PF,1595704330
253,Hong Kong,22.29,114.16,30.0,74,100,4.47,HK,1595703574
254,Tam Ky,15.57,108.48,26.0,83,20,2.1,VN,1595704336
255,Kismayo,-0.36,42.55,25.23,79,10,9.73,SO,1595704302
256,Sherman,33.64,-96.61,31.67,62,90,4.6,US,1595704111
257,Bachaquero,9.97,-71.15,31.16,60,98,3.52,VE,1595704346
258,Agía Galíni,35.1,24.68,28.33,37,0,3.34,GR,1595704349
259,Fort Nelson,58.81,-122.7,20.0,40,75,6.2,CA,1595704352
260,Thessalon,46.25,-83.57,28.0,58,1,3.1,CA,1595704355
261,Thinadhoo,0.53,72.93,27.98,71,100,3.74,MV,1595704358
262,Cascavel,-24.96,-53.46,14.63,65,100,3.0,BR,1595704210
263,Iwanai,42.97,140.51,18.55,85,100,2.16,JP,1595704365
264,Stary Sącz,49.56,20.64,21.11,79,96,0.98,PL,1595704368
265,Vila Velha,-20.33,-40.29,26.11,69,20,5.1,BR,1595704326
266,Melk,48.23,15.33,21.11,80,0,1.79,AT,1595704374
267,Chui,-33.7,-53.46,10.93,63,0,5.83,UY,1595704377
268,Nome,64.5,-165.41,12.78,71,40,1.5,US,1595704381
269,Seddon,-37.81,144.89,7.22,100,90,1.5,AU,1595704384
270,Buenaventura,3.88,-77.03,26.87,87,100,2.76,CO,1595704252
271,Plettenberg Bay,-34.05,23.37,16.74,64,0,4.29,ZA,1595704390
272,Inírida,3.87,-67.92,28.35,81,77,1.59,CO,1595704393
273,Dhidhdhoo,6.88,73.1,28.06,76,100,4.83,MV,1595704396
274,Auki,-8.77,160.7,25.33,86,78,3.56,SB,1595704185
275,Nanchang,28.68,115.88,25.35,90,100,2.38,CN,1595704403
276,Khani,41.96,42.96,23.0,94,75,4.6,GE,1595704406
277,Pingliang,35.54,106.69,17.5,57,0,2.75,CN,1595704333
278,Pandan,14.05,124.17,27.0,81,100,1.45,PH,1595704412
279,Sørland,67.67,12.69,11.94,92,100,7.07,NO,1595704415
280,Koshurnikovo,54.17,93.3,12.84,100,100,1.52,RU,1595704322
281,Praxédis Guerrero,31.37,-106.02,28.33,57,75,2.16,MX,1595704421
282,Okhotsk,59.38,143.3,13.06,82,0,3.64,RU,1595704200
283,Koulamoutou,-1.13,12.47,24.22,78,94,1.06,GA,1595704428
284,Kędzierzyn-Koźle,50.35,18.23,23.33,56,0,0.45,PL,1595704431
285,Popondetta,-8.75,148.25,22.02,91,6,1.28,PG,1595704268
286,Miranda,3.25,-76.23,24.0,69,75,3.6,CO,1595704440
287,Hamilton,39.18,-84.53,33.33,49,40,2.6,US,1595704149
288,Sangīn,32.07,64.84,29.28,14,0,0.88,AF,1595704447
289,Longyearbyen,78.22,15.64,17.0,67,0,5.1,SJ,1595704310
290,Kieta,-6.22,155.63,25.34,79,100,0.96,PG,1595704353
291,Narsaq,60.92,-46.05,11.0,76,75,5.1,GL,1595704201
292,Zemio,5.03,25.14,21.31,91,88,0.47,CF,1595704459
293,Lima,-12.04,-77.03,17.0,77,90,3.1,PE,1595704202
294,Krasnotorka,48.68,37.53,19.62,52,100,3.71,UA,1595704329
295,Coos Bay,43.37,-124.22,18.89,67,1,10.3,US,1595704230
296,Betsiamites,48.94,-68.65,28.0,56,1,9.3,CA,1595704472
297,Daoukro,7.06,-3.96,23.72,89,3,1.35,CI,1595704475
298,Kashgar,39.45,75.98,28.3,26,84,6.24,CN,1595704478
299,Alihe,50.57,123.72,17.46,90,12,0.79,CN,1595704481
300,Ketchikan,55.34,-131.65,16.0,93,90,5.7,US,1595704239
301,Zhangjiakou,40.81,114.88,19.01,71,100,2.22,CN,1595704491
302,Egvekinot,66.32,-179.17,11.52,78,8,1.54,RU,1595704494
303,Itigi,-5.7,34.48,18.12,50,0,5.3,TZ,1595704497
304,Faro,37.02,-7.93,28.0,69,0,2.1,PT,1595704404
305,Yumen,40.28,97.2,22.71,21,0,4.66,CN,1595704310
306,Usinsk,65.99,57.53,16.17,75,16,4.39,RU,1595704507
307,Talnakh,69.49,88.4,9.0,81,0,8.0,RU,1595704326
308,Kendari,-3.94,122.5,22.16,91,60,2.02,ID,1595704513
309,Kasongo,-4.45,26.67,26.16,30,35,2.09,CD,1595704516
310,Humble,30.0,-95.26,30.56,74,75,8.2,US,1595704519
311,Chokurdakh,70.63,147.92,22.66,44,100,2.71,RU,1595704298
312,Shelburne,44.08,-80.2,29.0,45,20,3.1,CA,1595704525
313,Santiago de Cao,-7.96,-79.24,18.16,77,84,5.28,PE,1595704529
314,Meulaboh,4.14,96.13,24.98,87,100,1.56,ID,1595704294
315,Te Anau,-45.42,167.72,5.98,84,98,2.12,NZ,1595704342
316,Guarapari,-20.67,-40.5,26.11,64,0,4.88,BR,1595704307
317,Airai,-8.93,125.41,11.84,100,94,1.55,TL,1595704541
318,Ipixuna,-1.76,-48.8,32.0,52,40,4.1,BR,1595704544
319,Fare,-16.7,-151.02,25.47,78,22,7.76,PF,1595704547
320,Wanning,18.8,110.4,27.62,84,94,4.35,CN,1595704551
321,Voskevan,41.12,45.07,26.0,65,0,1.0,AM,1595704554
322,Iqaluit,63.75,-68.51,8.0,87,75,1.5,CA,1595704560
323,Lokosovo,61.13,74.82,13.59,72,100,1.82,RU,1595704563
324,Southbridge,42.08,-72.03,31.11,34,89,0.89,US,1595704472
325,Gympie,-26.19,152.66,15.56,99,9,1.03,AU,1595704539
326,Bereket,39.24,55.52,33.9,32,2,3.14,TM,1595704573
327,Bratsk,56.13,101.61,13.0,93,100,2.0,RU,1595704576
328,Scarborough,54.28,-0.4,17.78,75,100,0.45,GB,1595704579
329,Maceió,-9.67,-35.74,26.0,69,75,6.7,BR,1595704569
330,Kontagora,10.4,5.47,23.53,92,100,1.72,NG,1595704585
331,Şuraabad,40.82,49.47,25.0,69,0,2.1,AZ,1595704589
332,Mahabalipuram,12.63,80.17,27.0,78,40,4.6,IN,1595704592
333,Kulim,5.37,100.56,26.0,94,40,1.0,MY,1595704595
334,Poum,-20.23,164.02,22.89,82,1,8.88,NC,1595704598
335,Awjilah,29.11,21.29,29.47,39,0,8.38,LY,1595704601
336,La Paz,-16.5,-68.15,12.0,18,75,3.6,BO,1595704604
337,Panama City,8.99,-79.52,29.44,70,75,2.6,PA,1595704608
338,Duki,30.15,68.57,30.0,45,82,1.42,PK,1595704611
339,Kununurra,-15.77,128.73,14.0,33,0,1.0,AU,1595704614
340,Mikun',62.35,50.08,17.27,74,66,1.42,RU,1595704617
341,Evensk,61.95,159.23,12.94,82,0,1.47,RU,1595704620
342,Altay,47.87,88.12,16.33,49,0,1.94,CN,1595704626
343,Mossamedes,-15.2,12.15,21.02,84,95,1.87,AO,1595704630
344,Hagi,34.4,131.42,23.33,94,40,3.1,JP,1595704633
345,Yulara,-25.24,130.99,3.0,78,0,2.1,AU,1595704636
346,Saint-Augustin,51.23,-58.65,22.06,65,87,5.73,CA,1595704380
347,Sault Ste. Marie,46.52,-84.33,29.0,66,20,5.1,CA,1595704428
348,Iracoubo,5.48,-53.2,27.81,83,85,4.35,GF,1595704369
349,Chumikan,54.72,135.31,10.51,87,100,2.0,RU,1595704649
350,Port Hedland,-20.32,118.57,15.0,30,0,4.6,AU,1595704652
351,Saskylakh,71.92,114.08,4.4,78,100,10.43,RU,1595704655
352,Tanout,14.97,8.89,35.05,28,7,2.76,NE,1595704658
353,Carutapera,-1.2,-46.02,29.09,69,30,3.55,BR,1595704661
354,Houma,29.6,-90.72,28.0,78,75,5.7,US,1595704665
355,Ngaoundéré,7.32,13.58,18.57,99,70,1.66,CM,1595704668
356,Nantucket,41.28,-70.1,23.0,83,20,4.1,US,1595704674
357,Naze,28.37,129.48,27.0,94,75,3.6,JP,1595704677
358,Faanui,-16.48,-151.75,25.25,79,14,8.06,PF,1595704687
359,Zhigansk,66.77,123.37,11.56,90,0,5.32,RU,1595704693
360,Alta Floresta,-9.88,-56.09,35.84,18,0,2.63,BR,1595704696
361,North Bend,43.41,-124.22,18.89,67,1,10.3,US,1595704699
362,Birao,10.28,22.79,24.53,84,0,3.89,CF,1595704703
363,Barcelos,41.54,-8.62,23.89,93,40,6.7,PT,1595704494
364,Mersing,2.43,103.84,24.0,94,1,3.1,MY,1595704709
365,Santa Isabel Rio Negro,-0.41,-65.02,32.33,53,90,1.76,BR,1595704712
366,Namatanai,-3.67,152.43,26.28,81,41,3.95,PG,1595704715
367,Taoudenni,22.68,-3.98,43.1,12,78,4.13,ML,1595704719
368,Pochutla,15.74,-96.47,32.78,62,40,3.19,MX,1595704722
369,Rocha,-34.48,-54.33,10.26,60,0,5.47,UY,1595704725
370,Geraldton,-28.77,114.6,11.0,87,0,5.7,AU,1595704728
371,Havelock,34.88,-76.9,34.0,52,5,3.1,US,1595704731
372,Killam,52.78,-111.85,15.43,76,46,6.26,CA,1595704734
373,Kefamenanu,-9.45,124.48,17.56,90,6,2.03,ID,1595704737
374,Ganzhou,28.82,115.43,24.68,93,100,1.23,CN,1595704741
375,Coruripe,-10.13,-36.18,24.51,71,0,5.27,BR,1595704744
376,Dickinson,29.46,-95.05,28.33,78,90,7.2,US,1595704747
377,Andilamena,-17.02,48.58,12.65,89,84,6.84,MG,1595704750
378,Waipawa,-41.41,175.52,5.0,100,0,1.0,NZ,1595704753
379,Bambanglipuro,-7.95,110.28,22.24,82,100,2.89,ID,1595704756
380,Lovozero,68.0,35.01,14.92,65,0,3.24,RU,1595704760
381,Filingué,14.35,3.32,36.26,29,61,2.79,NE,1595704763
382,Sucre,-19.03,-65.26,14.84,52,100,4.03,BO,1595704766
383,Riyadh,24.69,46.72,37.0,22,0,3.6,SA,1595704769
384,Victoria Point,-27.58,153.3,16.67,97,69,3.47,AU,1595704772
385,Tessalit,20.2,1.01,28.1,55,86,10.52,ML,1595704775
386,Sergach,55.53,45.47,12.98,78,0,2.89,RU,1595704782
387,Zandvoort,52.37,4.53,18.0,93,75,5.1,NL,1595704791
388,Muroto-misakicho,33.28,134.15,25.43,89,100,4.76,JP,1595704794
389,Lata,40.16,-8.33,25.0,89,0,2.24,PT,1595704797
390,Mittersill,47.27,12.48,16.67,78,0,1.34,AT,1595704801
391,Toamasina,-18.17,49.38,21.0,83,75,7.2,MG,1595704804
392,Putina,-15.47,-69.43,8.03,52,100,2.65,PE,1595704807
393,São João da Barra,-21.64,-41.05,26.0,57,0,8.2,BR,1595704810
394,Severnoye,56.35,78.36,13.14,92,100,2.06,RU,1595704813
395,Biloela,-24.42,150.5,13.7,90,17,1.45,AU,1595704816
396,Constantine,36.37,6.61,32.0,33,0,6.2,DZ,1595704605
397,Oistins,13.07,-59.53,31.0,70,40,6.7,BB,1595704531
398,Arica,-18.48,-70.3,17.0,67,0,6.2,CL,1595704826
399,San Quintín,30.48,-115.95,21.71,65,0,5.07,MX,1595704829
400,Rabo de Peixe,37.8,-25.58,23.0,69,20,5.1,PT,1595704832
401,Banda Aceh,5.56,95.32,26.64,80,95,3.26,ID,1595704835
402,Gonder,12.6,37.47,14.12,90,89,1.45,ET,1595704838
403,Vryheid,-27.77,30.79,9.32,67,0,2.86,ZA,1595704842
404,Padang,-0.95,100.35,25.06,81,92,1.79,ID,1595704845
405,Nikolskoye,59.7,30.79,16.0,87,75,1.0,RU,1595704848
406,Pervomayskoye,43.92,46.71,23.31,81,0,3.08,RU,1595704851
407,Bandarbeyla,9.49,50.81,25.57,75,98,13.12,SO,1595704854
408,Srednekolymsk,67.45,153.68,25.18,40,0,1.41,RU,1595704857
409,Pilar,-9.6,-35.96,26.0,69,75,6.7,BR,1595704861
410,Yishui,35.78,118.63,20.98,79,100,1.99,CN,1595704864
411,San Rafael,-34.62,-68.33,14.82,30,0,6.71,AR,1595704867
412,Kopāganj,26.02,83.57,30.27,69,100,1.84,IN,1595704871
413,Kavieng,-2.57,150.8,27.79,80,100,6.62,PG,1595704874
414,Makaha,21.47,-158.22,29.0,78,90,2.1,US,1595704877
415,Pāvugada,14.1,77.27,23.49,80,89,5.31,IN,1595704884
416,Soe,-9.86,124.28,14.87,98,0,2.01,ID,1595704887
417,Ranong,9.97,98.63,25.84,85,91,1.15,TH,1595704890
418,Sterlibashevo,53.44,55.26,14.26,91,5,3.49,RU,1595704893
419,Rawson,-43.3,-65.1,13.94,43,0,10.59,AR,1595704896
420,Ordynskoye,54.37,81.9,11.13,92,25,1.62,RU,1595704900
421,Cockburn Town,21.46,-71.14,31.0,70,40,7.2,TC,1595704891
422,Tuma,55.15,40.55,13.33,51,0,1.39,RU,1595704906
423,Jiehu,35.54,118.45,21.05,84,100,1.6,CN,1595704909
424,Forsytheganj,52.63,29.73,17.2,92,42,2.95,BY,1595704913
425,Matagami,49.75,-77.63,21.0,94,90,3.1,CA,1595704916
426,Sistranda,63.73,8.83,13.0,76,20,3.1,NO,1595704919
427,Grand Baie,-20.02,57.58,20.0,64,34,4.02,MU,1595704922
428,Agüimes,27.91,-15.45,25.0,64,20,13.9,ES,1595704925
429,Pasni,25.26,63.47,29.07,82,100,6.12,PK,1595704929
430,Waingapu,-9.66,120.26,22.19,82,100,4.69,ID,1595704933
431,Bundaberg,-24.85,152.35,17.22,100,40,2.1,AU,1595704936
432,Raja,8.46,25.68,22.13,93,99,1.62,SS,1595704939
433,Gilgit,35.92,74.31,28.69,32,0,0.9,PK,1595704942
434,Buchanan,5.88,-10.05,25.0,94,75,4.12,LR,1595704945
435,Buala,-8.14,159.59,26.8,82,100,4.92,SB,1595704949
436,Kibala,9.11,18.35,28.0,88,99,0.53,TD,1595704952
437,Saiha,22.48,92.97,23.08,94,100,0.41,IN,1595704955
438,Dinghaicun,26.28,119.79,27.0,94,20,3.0,CN,1595704958
439,Ranau,5.95,116.66,23.0,94,20,2.1,MY,1595704961
440,Mehamn,71.04,27.85,16.86,62,13,5.09,NO,1595704965
441,São José da Laje,-9.01,-36.06,26.0,69,75,6.7,BR,1595704968
442,Hirara,24.8,125.28,29.46,78,100,5.32,JP,1595704971
443,Hofn,64.25,-15.21,10.57,80,100,6.5,IS,1595704974
444,Belmonte,-15.86,-38.88,25.0,73,40,2.1,BR,1595704977
445,Gwadar,25.12,62.33,28.86,82,100,8.29,PK,1595704980
446,Tumut,-35.3,148.22,9.29,89,100,1.47,AU,1595704983
447,Atar,20.52,-13.05,41.81,13,72,5.62,MR,1595704845
448,Barranca,-10.75,-77.77,18.93,69,26,4.54,PE,1595704990
449,Rodrigues Alves,-7.74,-72.65,27.34,86,100,0.27,BR,1595704993
450,Bathsheba,13.22,-59.52,31.0,70,40,6.7,BB,1595704996
451,Abalak,58.13,68.59,11.73,71,100,2.5,RU,1595704999
452,Shache,38.42,77.24,25.51,21,96,1.3,CN,1595705005
453,Kidal,18.44,1.41,34.0,33,50,4.0,ML,1595705009
454,Nova Olímpia,-14.8,-57.29,32.78,26,0,2.81,BR,1595705012
455,Oranjemund,-28.55,16.43,17.01,51,0,4.18,NA,1595705015
456,Karratha,-20.74,116.85,18.9,35,79,6.29,AU,1595705018
457,Beyşehir,37.68,31.72,21.88,32,0,2.35,TR,1595705021
458,Burgersdorp,-31.0,26.33,7.68,53,0,2.77,ZA,1595705024
459,San Ignacio,17.16,-89.07,33.0,66,40,2.1,BZ,1595705027
460,Daşoguz,41.84,59.97,29.0,42,64,3.1,TM,1595705031
461,Giohar,2.78,45.5,24.45,76,99,6.51,SO,1595705034
462,Snina,48.99,22.15,15.0,87,100,1.53,SK,1595705037
463,Mayskiy,47.69,40.1,25.0,33,1,6.0,RU,1595705040
464,Staunton,38.15,-79.07,32.22,58,75,0.14,US,1595705043
465,Ola,59.58,151.28,11.47,90,72,1.43,RU,1595705047
466,Charters Towers,-20.1,146.27,16.12,84,37,2.46,AU,1595705053
467,Nemuro,43.32,145.57,13.61,90,100,1.86,JP,1595705056
468,Ulaangom,49.98,92.07,18.36,55,1,2.23,MN,1595705059
469,Liwale,-9.77,37.93,23.3,44,96,3.23,TZ,1595705062
470,Adamantas,36.73,24.43,25.0,61,0,5.1,GR,1595705066
471,Semenivka,52.18,32.58,16.72,73,82,3.8,UA,1595705069
472,Homer,59.64,-151.55,13.0,93,90,1.5,US,1595705072
473,Thaba-Tseka,-29.52,28.61,4.3,57,0,1.94,LS,1595705075
474,Merauke,-8.47,140.33,25.25,85,99,7.65,ID,1595705078
475,Presidencia Roque Sáenz Peña,-26.79,-60.44,16.97,31,0,2.3,AR,1595705081
476,Poya,-21.35,165.15,20.21,85,5,2.45,NC,1595705085
477,San Andrés,12.58,-81.7,31.0,70,75,4.1,CO,1595704910
478,Sharanga,57.18,46.54,12.5,92,100,2.38,RU,1595705091
479,Portland,45.52,-122.68,21.67,59,20,2.6,US,1595704883
480,Yacuiba,-22.04,-63.68,20.05,22,99,3.38,BO,1595705097
481,Port Shepstone,-30.74,30.45,17.23,54,0,2.67,ZA,1595705100
482,Babayurt,43.6,46.78,23.42,81,0,3.44,RU,1595705104
483,Innisfail,-17.53,146.03,17.49,91,0,2.18,AU,1595705107
484,Vinh Yen,21.31,105.6,29.0,79,100,3.6,VN,1595705006
485,Mergen,49.18,125.22,20.66,69,0,3.07,CN,1595705004
486,Port Hardy,50.7,-127.42,15.0,82,20,2.6,CA,1595705116
487,Kayamkulam,9.18,76.5,25.14,88,92,1.14,IN,1595705119
488,Saint Anthony,45.02,-93.22,30.0,66,75,5.1,US,1595705123
489,Rājāpur,25.38,81.15,32.02,56,33,1.05,IN,1595705126
490,Agadez,19.75,10.25,34.21,11,0,3.48,NE,1595704842
491,Kiunga,-6.12,141.29,22.83,99,100,1.27,PG,1595705132
492,Tuxtla Gutiérrez,16.75,-93.12,31.0,52,40,2.1,MX,1595704975
493,Kilinochchi,9.4,80.4,26.96,81,100,5.74,LK,1595705138
494,Haines Junction,60.75,-137.51,15.15,56,67,4.51,CA,1595705142
495,Devonport,-41.17,146.35,4.44,81,0,0.89,AU,1595705145
496,Kota,25.18,75.83,30.75,64,3,3.28,IN,1595705148
497,Pontianak,-0.03,109.33,23.77,95,62,2.3,ID,1595705151
498,Kloulklubed,7.04,134.26,26.0,88,75,2.1,PW,1595705157
499,Berbera,10.44,45.01,33.95,42,35,7.76,SO,1595705160
500,Saquarema,-22.92,-42.51,27.0,54,0,4.1,BR,1595705164
501,Byron Bay,-28.65,153.62,16.0,93,90,2.6,AU,1595705167
502,Bahía Honda,22.9,-83.16,30.38,69,100,4.0,CU,1595705170
503,La Santisima Trinidad,-14.83,-64.9,14.0,76,90,7.7,BO,1595705177
504,Mbigou,-1.9,11.91,20.65,79,23,0.78,GA,1595705180
505,Sirte,31.21,16.59,26.1,74,0,3.63,LY,1595705183
506,Dawei,14.08,98.2,25.26,87,87,1.08,MM,1595705186
507,Tautira,-17.73,-149.15,26.0,69,20,1.5,PF,1595705189
508,Bacalar,18.67,-88.38,32.0,66,40,7.7,MX,1595705192
509,Arrondissement de Rennes,48.17,-1.67,19.0,88,90,4.6,FR,1595705195
510,Leshukonskoye,64.9,45.76,16.97,86,40,1.97,RU,1595705199
511,Pimentel,-6.84,-79.93,20.0,68,40,6.2,PE,1595705202
512,Jardim,-21.48,-56.14,19.3,50,98,3.14,BR,1595705205
513,Lagunillas,10.13,-71.26,30.54,66,99,3.16,VE,1595705208
514,Bijie,27.31,105.29,20.31,93,100,1.58,CN,1595705211
515,Sibolga,1.74,98.78,24.34,84,75,1.66,ID,1595705218
516,Moranbah,-22.0,148.05,15.04,75,18,1.32,AU,1595705221
517,Marawi,8.0,124.29,24.44,91,100,2.68,PH,1595705224
518,Mimongo,-1.62,11.61,21.41,81,26,1.26,GA,1595705227
519,Baykit,61.67,96.37,9.63,85,0,0.37,RU,1595705230
520,Palana,59.12,159.97,9.77,82,0,4.07,RU,1595705233
521,Vila Franca do Campo,37.72,-25.43,23.0,69,20,5.1,PT,1595705237
522,Palāsa,18.77,84.42,26.93,85,1,2.87,IN,1595705240
523,Sayansk,54.11,102.16,14.97,62,100,1.09,RU,1595705243
524,Røros,62.57,11.38,15.0,54,4,1.5,NO,1595705246
525,Meadow Lake,34.8,-106.54,27.78,53,75,2.1,US,1595705249
526,Arrondissement du Havre,49.58,0.33,18.0,93,100,7.2,FR,1595705252
527,Moose Factory,51.26,-80.61,27.0,78,75,3.1,CA,1595705256
528,Lagoa,39.05,-27.98,22.41,88,0,7.13,PT,1595705259
529,Sunrise Manor,36.21,-115.07,37.0,14,1,3.6,US,1595705262
530,Katangli,51.71,143.23,7.41,94,0,2.68,RU,1595705265
531,Jumla,29.27,82.18,17.16,71,61,0.39,NP,1595705268
532,Douentza,15.0,-2.95,34.12,39,39,2.74,ML,1595705272
533,Pirapora,-17.34,-44.94,29.62,28,0,2.0,BR,1595705275
534,Zilupe,56.39,28.12,14.23,94,0,1.73,LV,1595705278
535,Murdochville,48.96,-65.5,22.6,58,96,5.79,CA,1595705281
536,Hay River,60.82,-115.8,21.0,49,20,3.1,CA,1595705284
537,Eureka,40.8,-124.16,20.56,72,20,2.1,US,1595705287
538,Ahmedabad,23.03,72.62,27.0,88,75,1.5,IN,1595705143
539,Mareeba,-17.0,145.43,16.67,97,25,0.75,AU,1595705294
540,Yangi Marg`ilon,40.43,71.72,27.0,47,100,2.1,UZ,1595705297
541,Manicoré,-5.81,-61.3,35.41,33,17,2.2,BR,1595705300
542,Yilan,24.76,121.75,27.0,83,40,2.1,TW,1595705303
543,Valdivia,-39.81,-73.25,12.0,93,90,6.2,CL,1595705114
544,Oskemen,49.96,82.61,19.0,77,90,6.0,KZ,1595705309
545,Nouadhibou,20.93,-17.03,22.0,88,40,9.3,MR,1595705313
546,Doha,25.29,51.53,35.56,67,47,3.1,QA,1595705150
547,Sorong,-0.88,131.25,25.34,91,100,5.36,ID,1595705325
548,Sittwe,20.15,92.9,28.13,82,100,3.59,MM,1595705328
549,Roald,62.58,6.13,15.56,76,20,6.7,NO,1595705331
550,Maridi,4.92,29.47,19.97,90,99,2.04,SS,1595705334
551,Tambacounda,13.75,-13.76,29.0,74,20,2.1,SN,1595705338
552,Catió,11.28,-15.25,25.6,87,100,5.17,GW,1595705341
553,Bairiki Village,1.33,172.98,28.0,78,40,6.7,KI,1595705344
554,Guerrero Negro,27.98,-114.06,24.74,53,3,6.44,MX,1595705347
555,Baghmara,23.8,86.21,28.88,71,69,1.61,IN,1595705354
556,Bolkhov,53.44,36.0,14.29,82,0,2.71,RU,1595705357
557,Sungai Raya,0.7,108.9,25.34,87,91,2.01,ID,1595705360
558,Wajima,37.4,136.9,23.63,85,100,3.03,JP,1595705363
559,Catuday,16.29,119.81,28.17,74,65,0.23,PH,1595705367
560,Akureyri,65.68,-18.09,9.0,81,90,7.2,IS,1595705370
561,Çanakkale Province,40.08,26.83,25.0,57,0,5.1,TR,1595705373
562,Bukama,-9.2,25.85,22.43,31,0,1.69,CD,1595705376
563,Boralday,43.36,76.86,22.0,56,40,1.0,KZ,1595705379
564,Hamada,34.88,132.08,22.78,48,94,1.69,JP,1595705386
565,Bone,51.97,12.14,23.89,60,73,0.43,DE,1595705389
